{
	"format_version": "1.8.0",
	"animations": {
		"falling": {
			"loop": true,
			"animation_length": 0.5,
			"bones": {
				"head": {
					"rotation": {
						"0.0": [-32.5, 0, 0],
						"0.125": [-33.83423, -19.50686, 15.76843],
						"0.25": [-34.84373, 13.5155, -11.38568],
						"0.375": [-32.33212, -5.87964, 4.66123],
						"0.5": [-32.88135, 3.90365, -3.14812]
					}
				},
				"body": {
					"rotation": {
						"0.0": [85, 0, 0],
						"0.125": [85.16955, 1.29256, 14.94548],
						"0.25": [85.07558, -0.86717, -9.96271],
						"0.375": [85.23032, 1.50179, 17.43745],
						"0.5": [85.01893, -0.43523, -4.98107]
					},
					"position": [0, -12, 0]
				},
				"right_arm": {
					"rotation": {
						"0.0": [-202.5, 0, 0],
						"0.125": [-230, 0, 0],
						"0.25": [-185, 0, 0],
						"0.375": [-230, 0, 0],
						"0.5": [-200, 0, 0]
					}
				},
				"left_arm": {
					"rotation": {
						"0.0": [-227.5, 0, 0],
						"0.125": [-190, 0, 0],
						"0.25": [-233.64013, 5.88769, 6.10726],
						"0.375": [-190, 0, 0],
						"0.5": [-223.64013, 5.88769, 6.10726]
					}
				},
				"right_leg": {
					"rotation": {
						"0.0": [17.5, 0, 0],
						"0.125": [47.5, 0, 0],
						"0.25": [22.5, 0, 0],
						"0.375": [47.5, 0, 0],
						"0.5": [22.5, 0, 0]
					}
				},
				"left_leg": {
					"rotation": {
						"0.0": [60, 0, 0],
						"0.125": [32.5, 0, 0],
						"0.25": [65, 0, 0],
						"0.375": [32.5, 0, 0],
						"0.5": [65, 0, 0]
					}
				}
			}
		}
	},
	"geckolib_format_version": 2
}