{
	"format_version": "1.8.0",
	"animations": {
		"walking": {
			"loop": true,
			"animation_length": 1.0417,
			"bones": {
				"head": {
					"rotation": {
						"0.0": {
							"vector": [5.00381, -4.99924, 0.08715]
						},
						"0.25": {
							"vector": [4.99521, 2.49962, -0.04399]
						},
						"0.8333": {
							"vector": [5.00286, -7.49886, 0.13064]
						},
						"1.0417": {
							"vector": [5.00381, -4.99924, 0.08715]
						}
					}
				},
				"body": {
					"rotation": {
						"0.0": {
							"vector": [0, 0, 0]
						},
						"0.25": {
							"vector": [0, 2.5, 0]
						},
						"0.8333": {
							"vector": [0, -2.5, 0]
						},
						"1.0417": {
							"vector": [0, 0, 0]
						}
					},
					"position": {
						"0.0": {
							"vector": [0, 0, 0]
						},
						"0.25": {
							"vector": [0, 1, 0]
						},
						"0.5": {
							"vector": [0, 0, 0]
						},
						"0.8333": {
							"vector": [0, 1, 0]
						},
						"1.0417": {
							"vector": [0, 0, 0]
						}
					}
				},
				"right_arm": {
					"rotation": {
						"0.0": {
							"vector": [-12.48072, 0.95645, 2.30991]
						},
						"0.5": {
							"vector": [30, 0, 0]
						},
						"1.0417": {
							"vector": [-12.48072, 0.95645, 2.30991]
						}
					}
				},
				"left_arm": {
					"rotation": {
						"0.0": {
							"vector": [9.98106, 0.93626, -2.31817]
						},
						"0.5": {
							"vector": [-32.5, 0, 0]
						},
						"1.0417": {
							"vector": [9.98106, 0.93626, -2.31817]
						}
					}
				},
				"right_leg": {
					"rotation": {
						"0.0": {
							"vector": [12.51239, -2.43088, -0.58396]
						},
						"0.25": {
							"vector": [-15, 0, 0]
						},
						"0.5": {
							"vector": [-31.31188, -0.76765, -0.18441]
						},
						"1.0417": {
							"vector": [12.51239, -2.43088, -0.58396]
						}
					},
					"position": {
						"0.0": {
							"vector": [0, 0, 1]
						},
						"0.25": {
							"vector": [0, 2, -3]
						},
						"0.5": {
							"vector": [0, 0, -2]
						},
						"0.8333": {
							"vector": [0, 0, 0]
						},
						"1.0417": {
							"vector": [0, 0, 1]
						}
					}
				},
				"left_leg": {
					"rotation": {
						"0.0": {
							"vector": [-25, 0, 0]
						},
						"0.25": {
							"vector": [15, 0, 0]
						},
						"0.5": {
							"vector": [35, 0, 0]
						},
						"0.8333": {
							"vector": [-2.5, 0, 0]
						},
						"1.0417": {
							"vector": [-25, 0, 0]
						}
					},
					"position": {
						"0.0": {
							"vector": [0, 0, 0]
						},
						"0.5": {
							"vector": [0, 0, 0]
						},
						"0.8333": {
							"vector": [0, 3, -2]
						},
						"1.0417": {
							"vector": [0, 0, 0]
						}
					}
				}
			}
		}
	},
	"geckolib_format_version": 2
}